{
  "home": {
    "hero": {
      "title": "Your Personal NLP Coach",
      "subtitle": "Overcome emotional blocks, develop your potential and achieve your goals with Neuro-Linguistic Programming techniques",
      "startButton": "Start Now",
      "loginButton": "Login"
    },
    "features": {
      "title": "Main Features",
      "feature1": {
        "title": "Intelligent Chatbot",
        "description": "Converse with an AI-powered NLP coach that adapts to your needs and emotions"
      },
      "feature2": {
        "title": "Interactive Exercises",
        "description": "Practice NLP techniques such as anchoring, timeline and belief reframing"
      },
      "feature3": {
        "title": "Voice Interaction",
        "description": "Talk to your coach and listen to responses with a natural, comforting voice"
      },
      "feature4": {
        "title": "Progress Tracking",
        "description": "Monitor your evolution and visualize your progress on the path to your goals"
      },
      "feature5": {
        "title": "Multilingual",
        "description": "Enjoy the experience in English, Spanish or French with automatic language detection"
      },
      "feature6": {
        "title": "Total Privacy",
        "description": "Your data is secure and encrypted, keeping your conversations confidential"
      }
    },
    "howItWorks": {
      "title": "How It Works",
      "step1": {
        "title": "Create Your Account",
        "description": "Sign up and customize your profile for an experience tailored to your needs"
      },
      "step2": {
        "title": "Define Your Goals",
        "description": "Establish what you want to achieve and the areas you want to work on"
      },
      "step3": {
        "title": "Begin Your Transformation",
        "description": "Interact with your AI coach and practice NLP exercises to reach your goals"
      }
    },
    "cta": {
      "title": "Start Your Transformation Journey Today",
      "description": "Join thousands of people who are already improving their lives with our NLP coach",
      "button": "Register Free"
    },
    "testimonials": {
      "title": "What Our Users Say",
      "testimonial1": {
        "initials": "JD",
        "name": "John Doe",
        "location": "New York, USA",
        "text": "This app has transformed how I face challenges. The NLP techniques have helped me overcome my social anxiety."
      },
      "testimonial2": {
        "initials": "SM",
        "name": "Sarah Miller",
        "location": "London, UK",
        "text": "The NLP coach helped me identify limiting beliefs that were preventing me from advancing in my career. Now I feel capable of achieving my goals."
      },
      "testimonial3": {
        "initials": "RJ",
        "name": "Robert Johnson",
        "location": "Toronto, Canada",
        "text": "The visualization and anchoring exercises have significantly improved my confidence. I recommend this app to everyone."
      }
    }
  },
  "header": {
    "home": "Home",
    "dashboard": "Dashboard",
    "chat": "Chat",
    "exercises": "Exercises",
    "profile": "Profile",
    "login": "Login",
    "register": "Register",
    "logout": "Logout"
  },
  "footer": {
    "about": "About",
    "aboutText": "NLP Coach is a coaching application based on Neuro-Linguistic Programming techniques, designed to help you overcome obstacles and reach your full potential.",
    "links": "Links",
    "termsOfService": "Terms of Service",
    "privacyPolicy": "Privacy Policy",
    "contact": "Contact",
    "newsletter": "Newsletter",
    "newsletterText": "Subscribe to receive NLP tips and app updates.",
    "emailPlaceholder": "Your email",
    "subscribe": "Subscribe",
    "allRightsReserved": "All rights reserved"
  },
  "navigation": {
    "home": "Home",
    "chat": "Chat",
    "exercises": "Exercises",
    "journal": "Journal",
    "profile": "Profile"
  },
  "auth": {
    "welcome": "Welcome to NLP Coach",
    "welcomeSubtitle": "Your personal development companion with NLP techniques",
    "login": "Login",
    "register": "Register",
    "email": "Email",
    "password": "Password",
    "name": "Full Name",
    "forgotPassword": "Forgot password?",
    "noAccount": "Don't have an account?",
    "hasAccount": "Already have an account?",
    "createAccount": "Create Account",
    "loginNow": "Login Now",
    "or": "Or",
    "continueWith": "Continue with",
    "agreeToTerms": "By registering, you agree to our Terms and Privacy Policy"
  },
  "chat": {
    "placeholder": "Type your message...",
    "send": "Send",
    "record": "Record",
    "listening": "Listening...",
    "stopRecording": "Stop",
    "welcomeMessage": "Hello, I'm your NLP coach. How can I help you today?",
    "thinking": "Thinking...",
    "speakResponse": "Listen to response",
    "stopSpeaking": "Stop audio"
  },
  "exercises": {
    "title": "NLP Exercises",
    "subtitle": "Practice these techniques to transform your mind and achieve your goals",
    "startExercise": "Start Exercise",
    "continueExercise": "Continue",
    "categories": {
      "all": "All",
      "beginners": "Beginners",
      "intermediate": "Intermediate",
      "advanced": "Advanced"
    },
    "exerciseTypes": {
      "anchoring": "Anchoring",
      "timeline": "Timeline",
      "beliefs": "Beliefs",
      "visualization": "Visualization",
      "reframing": "Reframing"
    },
    "duration": "Duration",
    "minutes": "minutes",
    "completed": "Completed",
    "inProgress": "In Progress"
  },
  "journal": {
    "title": "My Journal",
    "newEntry": "New Entry",
    "today": "Today",
    "yesterday": "Yesterday",
    "thisWeek": "This Week",
    "earlier": "Earlier",
    "mood": "Mood",
    "notes": "Notes",
    "achievements": "Achievements",
    "challenges": "Challenges",
    "save": "Save",
    "delete": "Delete",
    "confirmDelete": "Are you sure you want to delete this entry?",
    "noEntries": "No entries in your journal. Start recording your progress!"
  },
  "profile": {
    "title": "My Profile",
    "personalInfo": "Personal Information",
    "name": "Name",
    "email": "Email",
    "language": "Language",
    "theme": "Theme",
    "notifications": "Notifications",
    "privacy": "Privacy",
    "logout": "Logout",
    "deleteAccount": "Delete Account",
    "save": "Save Changes",
    "saved": "Changes saved successfully",
    "goals": "My Goals",
    "addGoal": "Add Goal",
    "progress": "Progress",
    "settings": "Settings",
    "voiceSettings": "Voice Settings",
    "voiceType": "Voice Type",
    "voiceSpeed": "Voice Speed",
    "testVoice": "Test Voice"
  }
}
