{
  "home": {
    "hero": {
      "title": "Tu Coach Personal de PNL",
      "subtitle": "Supera tus bloqueos emocionales, desarrolla tu potencial y alcanza tus objetivos con técnicas de Programación Neuro-Lingüística",
      "startButton": "Comenzar Ahora",
      "loginButton": "Iniciar Sesión"
    },
    "features": {
      "title": "Características Principales",
      "feature1": {
        "title": "Chatbot Inteligente",
        "description": "Conversa con un coach de PNL impulsado por IA que se adapta a tus necesidades y emociones"
      },
      "feature2": {
        "title": "Ejercicios Interactivos",
        "description": "Practica técnicas de PNL como anclaje, línea del tiempo y recadrage de creencias"
      },
      "feature3": {
        "title": "Interacción por Voz",
        "description": "Habla con tu coach y escucha sus respuestas con una voz natural y reconfortante"
      },
      "feature4": {
        "title": "Seguimiento de Progreso",
        "description": "Monitorea tu evolución y visualiza tus avances en el camino hacia tus objetivos"
      },
      "feature5": {
        "title": "Multilingüe",
        "description": "Disfruta de la experiencia en español, inglés o francés con detección automática de idioma"
      },
      "feature6": {
        "title": "Privacidad Total",
        "description": "Tus datos están seguros y encriptados, manteniendo tus conversaciones confidenciales"
      }
    },
    "howItWorks": {
      "title": "Cómo Funciona",
      "step1": {
        "title": "Crea tu Cuenta",
        "description": "Regístrate y personaliza tu perfil para una experiencia adaptada a tus necesidades"
      },
      "step2": {
        "title": "Define tus Objetivos",
        "description": "Establece lo que quieres lograr y las áreas en las que deseas trabajar"
      },
      "step3": {
        "title": "Comienza tu Transformación",
        "description": "Interactúa con tu coach IA y practica ejercicios de PNL para alcanzar tus metas"
      }
    },
    "cta": {
      "title": "Comienza tu Viaje de Transformación Hoy",
      "description": "Únete a miles de personas que ya están mejorando su vida con nuestro coach de PNL",
      "button": "Registrarse Gratis"
    },
    "testimonials": {
      "title": "Lo que Dicen Nuestros Usuarios",
      "testimonial1": {
        "initials": "MC",
        "name": "María Castillo",
        "location": "Madrid, España",
        "text": "Esta aplicación ha transformado mi forma de enfrentar los desafíos. Las técnicas de PNL me han ayudado a superar mi ansiedad social."
      },
      "testimonial2": {
        "initials": "JP",
        "name": "Juan Pérez",
        "location": "Buenos Aires, Argentina",
        "text": "El coach de PNL me ayudó a identificar creencias limitantes que me impedían avanzar en mi carrera. Ahora me siento capaz de lograr mis metas."
      },
      "testimonial3": {
        "initials": "LG",
        "name": "Laura González",
        "location": "Ciudad de México, México",
        "text": "Los ejercicios de visualización y anclaje han mejorado significativamente mi confianza. Recomiendo esta app a todos."
      }
    }
  },
  "header": {
    "home": "Inicio",
    "dashboard": "Panel",
    "chat": "Chat",
    "exercises": "Ejercicios",
    "profile": "Perfil",
    "login": "Iniciar Sesión",
    "register": "Registrarse",
    "logout": "Cerrar Sesión"
  },
  "footer": {
    "about": "Acerca de",
    "aboutText": "PNL Coach es una aplicación de coaching basada en técnicas de Programación Neuro-Lingüística, diseñada para ayudarte a superar obstáculos y alcanzar tu máximo potencial.",
    "links": "Enlaces",
    "termsOfService": "Términos de Servicio",
    "privacyPolicy": "Política de Privacidad",
    "contact": "Contacto",
    "newsletter": "Boletín",
    "newsletterText": "Suscríbete para recibir consejos de PNL y actualizaciones de la aplicación.",
    "emailPlaceholder": "Tu correo electrónico",
    "subscribe": "Suscribirse",
    "allRightsReserved": "Todos los derechos reservados"
  },
  "navigation": {
    "home": "Inicio",
    "chat": "Chat",
    "exercises": "Ejercicios",
    "journal": "Diario",
    "profile": "Perfil"
  },
  "auth": {
    "welcome": "Bienvenido a PNL Coach",
    "welcomeSubtitle": "Tu compañero de desarrollo personal con técnicas de PNL",
    "login": "Iniciar Sesión",
    "register": "Registrarse",
    "email": "Correo Electrónico",
    "password": "Contraseña",
    "name": "Nombre Completo",
    "forgotPassword": "¿Olvidaste tu contraseña?",
    "noAccount": "¿No tienes cuenta?",
    "hasAccount": "¿Ya tienes cuenta?",
    "createAccount": "Crear Cuenta",
    "loginNow": "Iniciar Sesión Ahora",
    "or": "O",
    "continueWith": "Continuar con",
    "agreeToTerms": "Al registrarte, aceptas nuestros Términos y Política de Privacidad"
  },
  "chat": {
    "placeholder": "Escribe tu mensaje...",
    "send": "Enviar",
    "record": "Grabar",
    "listening": "Escuchando...",
    "stopRecording": "Detener",
    "welcomeMessage": "Hola, soy tu coach de PNL. ¿En qué puedo ayudarte hoy?",
    "thinking": "Pensando...",
    "speakResponse": "Escuchar respuesta",
    "stopSpeaking": "Detener audio"
  },
  "exercises": {
    "title": "Ejercicios de PNL",
    "subtitle": "Practica estas técnicas para transformar tu mente y alcanzar tus objetivos",
    "startExercise": "Comenzar Ejercicio",
    "continueExercise": "Continuar",
    "categories": {
      "all": "Todos",
      "beginners": "Principiantes",
      "intermediate": "Intermedios",
      "advanced": "Avanzados"
    },
    "exerciseTypes": {
      "anchoring": "Anclaje",
      "timeline": "Línea del Tiempo",
      "beliefs": "Creencias",
      "visualization": "Visualización",
      "reframing": "Recadrage"
    },
    "duration": "Duración",
    "minutes": "minutos",
    "completed": "Completado",
    "inProgress": "En Progreso"
  },
  "journal": {
    "title": "Mi Diario",
    "newEntry": "Nueva Entrada",
    "today": "Hoy",
    "yesterday": "Ayer",
    "thisWeek": "Esta Semana",
    "earlier": "Anteriores",
    "mood": "Estado de Ánimo",
    "notes": "Notas",
    "achievements": "Logros",
    "challenges": "Desafíos",
    "save": "Guardar",
    "delete": "Eliminar",
    "confirmDelete": "¿Estás seguro de que quieres eliminar esta entrada?",
    "noEntries": "No hay entradas en tu diario. ¡Comienza a registrar tu progreso!"
  },
  "profile": {
    "title": "Mi Perfil",
    "personalInfo": "Información Personal",
    "name": "Nombre",
    "email": "Correo Electrónico",
    "language": "Idioma",
    "theme": "Tema",
    "notifications": "Notificaciones",
    "privacy": "Privacidad",
    "logout": "Cerrar Sesión",
    "deleteAccount": "Eliminar Cuenta",
    "save": "Guardar Cambios",
    "saved": "Cambios guardados correctamente",
    "goals": "Mis Objetivos",
    "addGoal": "Añadir Objetivo",
    "progress": "Progreso",
    "settings": "Configuración",
    "voiceSettings": "Configuración de Voz",
    "voiceType": "Tipo de Voz",
    "voiceSpeed": "Velocidad de Voz",
    "testVoice": "Probar Voz"
  }
}
