{
  "home": {
    "hero": {
      "title": "Votre Coach PNL Personnel",
      "subtitle": "Surmontez vos blocages émotionnels, développez votre potentiel et atteignez vos objectifs grâce aux techniques de Programmation Neuro-Linguistique",
      "startButton": "Commencer Maintenant",
      "loginButton": "Se Connecter"
    },
    "features": {
      "title": "Fonctionnalités Principales",
      "feature1": {
        "title": "Chatbot Intelligent",
        "description": "Conversez avec un coach PNL alimenté par l'IA qui s'adapte à vos besoins et émotions"
      },
      "feature2": {
        "title": "Exercices Interactifs",
        "description": "Pratiquez des techniques de PNL comme l'ancrage, la ligne du temps et le recadrage de croyances"
      },
      "feature3": {
        "title": "Interaction Vocale",
        "description": "Parlez à votre coach et écoutez ses réponses avec une voix naturelle et réconfortante"
      },
      "feature4": {
        "title": "Suivi de Progression",
        "description": "Surveillez votre évolution et visualisez vos progrès sur le chemin vers vos objectifs"
      },
      "feature5": {
        "title": "Multilingue",
        "description": "Profitez de l'expérience en français, anglais ou espagnol avec détection automatique de la langue"
      },
      "feature6": {
        "title": "Confidentialité Totale",
        "description": "Vos données sont sécurisées et cryptées, gardant vos conversations confidentielles"
      }
    },
    "howItWorks": {
      "title": "Comment Ça Fonctionne",
      "step1": {
        "title": "Créez Votre Compte",
        "description": "Inscrivez-vous et personnalisez votre profil pour une expérience adaptée à vos besoins"
      },
      "step2": {
        "title": "Définissez Vos Objectifs",
        "description": "Établissez ce que vous voulez accomplir et les domaines sur lesquels vous souhaitez travailler"
      },
      "step3": {
        "title": "Commencez Votre Transformation",
        "description": "Interagissez avec votre coach IA et pratiquez des exercices de PNL pour atteindre vos objectifs"
      }
    },
    "cta": {
      "title": "Commencez Votre Voyage de Transformation Aujourd'hui",
      "description": "Rejoignez des milliers de personnes qui améliorent déjà leur vie avec notre coach PNL",
      "button": "S'inscrire Gratuitement"
    },
    "testimonials": {
      "title": "Ce Que Disent Nos Utilisateurs",
      "testimonial1": {
        "initials": "ML",
        "name": "Marie Leclerc",
        "location": "Paris, France",
        "text": "Cette application a transformé ma façon d'affronter les défis. Les techniques de PNL m'ont aidée à surmonter mon anxiété sociale."
      },
      "testimonial2": {
        "initials": "PD",
        "name": "Pierre Dubois",
        "location": "Montréal, Canada",
        "text": "Le coach PNL m'a aidé à identifier les croyances limitantes qui m'empêchaient d'avancer dans ma carrière. Maintenant, je me sens capable d'atteindre mes objectifs."
      },
      "testimonial3": {
        "initials": "SB",
        "name": "Sophie Bernard",
        "location": "Bruxelles, Belgique",
        "text": "Les exercices de visualisation et d'ancrage ont considérablement amélioré ma confiance. Je recommande cette application à tout le monde."
      }
    }
  },
  "header": {
    "home": "Accueil",
    "dashboard": "Tableau de Bord",
    "chat": "Chat",
    "exercises": "Exercices",
    "profile": "Profil",
    "login": "Connexion",
    "register": "S'inscrire",
    "logout": "Déconnexion"
  },
  "footer": {
    "about": "À Propos",
    "aboutText": "PNL Coach est une application de coaching basée sur les techniques de Programmation Neuro-Linguistique, conçue pour vous aider à surmonter les obstacles et à atteindre votre plein potentiel.",
    "links": "Liens",
    "termsOfService": "Conditions d'Utilisation",
    "privacyPolicy": "Politique de Confidentialité",
    "contact": "Contact",
    "newsletter": "Newsletter",
    "newsletterText": "Abonnez-vous pour recevoir des conseils de PNL et des mises à jour de l'application.",
    "emailPlaceholder": "Votre email",
    "subscribe": "S'abonner",
    "allRightsReserved": "Tous droits réservés"
  },
  "navigation": {
    "home": "Accueil",
    "chat": "Chat",
    "exercises": "Exercices",
    "journal": "Journal",
    "profile": "Profil"
  },
  "auth": {
    "welcome": "Bienvenue sur PNL Coach",
    "welcomeSubtitle": "Votre compagnon de développement personnel avec des techniques de PNL",
    "login": "Connexion",
    "register": "Inscription",
    "email": "Email",
    "password": "Mot de Passe",
    "name": "Nom Complet",
    "forgotPassword": "Mot de passe oublié ?",
    "noAccount": "Pas encore de compte ?",
    "hasAccount": "Déjà un compte ?",
    "createAccount": "Créer un Compte",
    "loginNow": "Se Connecter Maintenant",
    "or": "Ou",
    "continueWith": "Continuer avec",
    "agreeToTerms": "En vous inscrivant, vous acceptez nos Conditions et notre Politique de Confidentialité"
  },
  "chat": {
    "placeholder": "Écrivez votre message...",
    "send": "Envoyer",
    "record": "Enregistrer",
    "listening": "Écoute...",
    "stopRecording": "Arrêter",
    "welcomeMessage": "Bonjour, je suis votre coach PNL. Comment puis-je vous aider aujourd'hui ?",
    "thinking": "Réflexion...",
    "speakResponse": "Écouter la réponse",
    "stopSpeaking": "Arrêter l'audio"
  },
  "exercises": {
    "title": "Exercices de PNL",
    "subtitle": "Pratiquez ces techniques pour transformer votre esprit et atteindre vos objectifs",
    "startExercise": "Commencer l'Exercice",
    "continueExercise": "Continuer",
    "categories": {
      "all": "Tous",
      "beginners": "Débutants",
      "intermediate": "Intermédiaires",
      "advanced": "Avancés"
    },
    "exerciseTypes": {
      "anchoring": "Ancrage",
      "timeline": "Ligne du Temps",
      "beliefs": "Croyances",
      "visualization": "Visualisation",
      "reframing": "Recadrage"
    },
    "duration": "Durée",
    "minutes": "minutes",
    "completed": "Terminé",
    "inProgress": "En Cours"
  },
  "journal": {
    "title": "Mon Journal",
    "newEntry": "Nouvelle Entrée",
    "today": "Aujourd'hui",
    "yesterday": "Hier",
    "thisWeek": "Cette Semaine",
    "earlier": "Plus Ancien",
    "mood": "Humeur",
    "notes": "Notes",
    "achievements": "Réussites",
    "challenges": "Défis",
    "save": "Enregistrer",
    "delete": "Supprimer",
    "confirmDelete": "Êtes-vous sûr de vouloir supprimer cette entrée ?",
    "noEntries": "Aucune entrée dans votre journal. Commencez à enregistrer votre progression !"
  },
  "profile": {
    "title": "Mon Profil",
    "personalInfo": "Informations Personnelles",
    "name": "Nom",
    "email": "Email",
    "language": "Langue",
    "theme": "Thème",
    "notifications": "Notifications",
    "privacy": "Confidentialité",
    "logout": "Déconnexion",
    "deleteAccount": "Supprimer le Compte",
    "save": "Enregistrer les Modifications",
    "saved": "Modifications enregistrées avec succès",
    "goals": "Mes Objectifs",
    "addGoal": "Ajouter un Objectif",
    "progress": "Progression",
    "settings": "Paramètres",
    "voiceSettings": "Paramètres Vocaux",
    "voiceType": "Type de Voix",
    "voiceSpeed": "Vitesse de la Voix",
    "testVoice": "Tester la Voix"
  }
}
